Orthogroup	Apis_mellifera	Bombus_terrestris	Ceratina_calcarata	Dufourea_novaeangliae	Eufriesea_mexicana	Habropoda_laboriosa	Megachile_rotundata	Megalopta_genalis	Nomia_melanderi	Osmia_bicornis	Osmia_lignaria
OG0010997	NP_001011582.1										
OG0010998	NP_001011607.1										
OG0010999	NP_001035360.1										
OG0011000	NP_001078813.1										
OG0011001	NP_001129381.1										
OG0011002	NP_008082.1										
OG0011003	NP_008085.1										
OG0011004	NP_008088.1										
OG0011005	NP_008091.1										
OG0011006	NP_008092.1										
OG0011007	XP_001120897.2										
OG0011008	XP_001121575.2										
OG0011009	XP_001122218.1										
OG0011010	XP_003249311.3										
OG0011011	XP_003249650.2										
OG0011012	XP_003249756.3										
OG0011013	XP_003250093.1										
OG0011014	XP_003250976.2										
OG0011015	XP_003251245.2										
OG0011016	XP_003251470.2										
OG0011017	XP_003251618.1										
OG0011018	XP_006557735.1										
OG0011019	XP_006557933.2										
OG0011020	XP_006557939.2										
OG0011021	XP_006557952.1										
OG0011022	XP_006557980.1										
OG0011023	XP_006558085.2										
OG0011024	XP_006558243.2										
OG0011025	XP_006558298.1										
OG0011026	XP_006558377.1										
OG0011027	XP_006558685.1										
OG0011028	XP_006559834.1										
OG0011029	XP_006559838.1										
OG0011030	XP_006561457.2										
OG0011031	XP_006561718.1										
OG0011032	XP_006561891.1										
OG0011033	XP_006562304.1										
OG0011034	XP_006562355.1										
OG0011035	XP_006562368.1										
OG0011036	XP_006562537.2										
OG0011037	XP_006562671.2										
OG0011038	XP_006563711.1										
OG0011039	XP_006564214.1										
OG0011040	XP_006564568.1										
OG0011041	XP_006564959.1										
OG0011042	XP_006565110.2										
OG0011043	XP_006565441.2										
OG0011044	XP_006565446.1										
OG0011045	XP_006565476.1										
OG0011046	XP_006565513.1										
OG0011047	XP_006566234.2										
OG0011048	XP_006566372.1										
OG0011049	XP_006566554.2										
OG0011050	XP_006566560.1										
OG0011051	XP_006567540.1										
OG0011052	XP_006568171.1										
OG0011053	XP_006568732.2										
OG0011054	XP_006569319.1										
OG0011055	XP_006569323.1										
OG0011056	XP_006569517.1										
OG0011057	XP_006569577.3										
OG0011058	XP_006569675.1										
OG0011059	XP_006569758.1										
OG0011060	XP_006570204.1										
OG0011061	XP_006570861.2										
OG0011062	XP_006571001.1										
OG0011063	XP_006571918.1										
OG0011064	XP_016766352.1										
OG0011065	XP_016766646.1										
OG0011066	XP_016767671.2										
OG0011067	XP_016768132.1										
OG0011068	XP_016768301.1										
OG0011069	XP_016768372.2										
OG0011070	XP_016769069.2										
OG0011071	XP_016769463.1										
OG0011072	XP_016769518.1										
OG0011073	XP_016770809.1										
OG0011074	XP_016770986.1										
OG0011075	XP_016771596.1										
OG0011076	XP_016771717.1										
OG0011077	XP_016771754.1										
OG0011078	XP_016771771.2										
OG0011079	XP_016772054.1										
OG0011080	XP_016772081.1										
OG0011081	XP_016772427.1										
OG0011082	XP_016772518.1										
OG0011083	XP_016772907.1										
OG0011084	XP_016773258.1										
OG0011085	XP_016773340.1										
OG0011086	XP_026294631.1										
OG0011087	XP_026294759.1										
OG0011088	XP_026294945.1										
OG0011089	XP_026294992.1										
OG0011090	XP_026295010.1										
OG0011091	XP_026295373.1										
OG0011092	XP_026295390.1										
OG0011093	XP_026295411.1										
OG0011094	XP_026295439.1										
OG0011095	XP_026295464.1										
OG0011096	XP_026295531.1										
OG0011097	XP_026295775.1										
OG0011098	XP_026295806.1										
OG0011099	XP_026295813.1										
OG0011100	XP_026295814.1										
OG0011101	XP_026295958.1										
OG0011102	XP_026296030.1										
OG0011103	XP_026296061.1										
OG0011104	XP_026296117.1										
OG0011105	XP_026296184.1										
OG0011106	XP_026296395.1										
OG0011107	XP_026296396.1										
OG0011108	XP_026296441.1										
OG0011109	XP_026296600.1										
OG0011110	XP_026296667.1										
OG0011111	XP_026296700.1										
OG0011112	XP_026296836.1										
OG0011113	XP_026296851.1										
OG0011114	XP_026296875.1										
OG0011115	XP_026296907.1										
OG0011116	XP_026296948.1										
OG0011117	XP_026297073.1										
OG0011118	XP_026297075.1										
OG0011119	XP_026297102.1										
OG0011120	XP_026297143.1										
OG0011121	XP_026297152.1										
OG0011122	XP_026297209.1										
OG0011123	XP_026297230.1										
OG0011124	XP_026297483.1										
OG0011125	XP_026297507.1										
OG0011126	XP_026297555.1										
OG0011127	XP_026297621.1										
OG0011128	XP_026297622.1										
OG0011129	XP_026297685.1										
OG0011130	XP_026297687.1										
OG0011131	XP_026297905.1										
OG0011132	XP_026297970.1										
OG0011133	XP_026298057.1										
OG0011134	XP_026298157.1										
OG0011135	XP_026298205.1										
OG0011136	XP_026298206.1										
OG0011137	XP_026298449.1										
OG0011138	XP_026298551.1										
OG0011139	XP_026298577.1										
OG0011140	XP_026298738.1										
OG0011141	XP_026298754.1										
OG0011142	XP_026298927.1										
OG0011143	XP_026298943.1										
OG0011144	XP_026299001.1										
OG0011145	XP_026299048.1										
OG0011146	XP_026299051.1										
OG0011147	XP_026299075.1										
OG0011148	XP_026299134.1										
OG0011149	XP_026299149.1										
OG0011150	XP_026299175.1										
OG0011151	XP_026299179.1										
OG0011152	XP_026299455.1										
OG0011153	XP_026299456.1										
OG0011154	XP_026299516.1										
OG0011155	XP_026299632.1										
OG0011156	XP_026299652.1										
OG0011157	XP_026299716.1										
OG0011158	XP_026299775.1										
OG0011159	XP_026299842.1										
OG0011160	XP_026299859.1										
OG0011161	XP_026300123.1										
OG0011162	XP_026300212.1										
OG0011163	XP_026300213.1										
OG0011164	XP_026300486.1										
OG0011165	XP_026300575.1										
OG0011166	XP_026300582.1										
OG0011167	XP_026300586.1										
OG0011168	XP_026300587.1										
OG0011169	XP_026300616.1										
OG0011170	XP_026300751.1										
OG0011171	XP_026300818.1										
OG0011172	XP_026300935.1										
OG0011173	XP_026300964.1										
OG0011174	XP_026300970.1										
OG0011175	XP_026300975.1										
OG0011176	XP_026300980.1										
OG0011177	XP_026301002.1										
OG0011178	XP_026301034.1										
OG0011179	XP_026301528.1										
OG0011180	XP_026301548.1										
OG0011181	XP_026301570.1										
OG0011182	XP_026301634.1										
OG0011183	XP_026301711.1										
OG0011184	XP_026301732.1										
OG0011185	XP_026301734.1										
OG0011186	XP_026301785.1										
OG0011187	XP_026301969.1										
OG0011188	XP_026302059.1										
OG0011189	XP_026302098.1										
OG0011190	XP_026302103.1										
OG0011191	XP_392584.2										
OG0011192		XP_003393010.1									
OG0011193		XP_003393963.1									
OG0011194		XP_003394027.1									
OG0011195		XP_003395556.3									
OG0011196		XP_003398842.1									
OG0011197		XP_003398903.1									
OG0011198		XP_003399086.3									
OG0011199		XP_003399874.1									
OG0011200		XP_003400450.1									
OG0011201		XP_003400583.1									
OG0011202		XP_003401773.1									
OG0011203		XP_003401812.1									
OG0011204		XP_003402031.1									
OG0011205		XP_003402544.2									
OG0011206		XP_003402567.3									
OG0011207		XP_003402571.2									
OG0011208		XP_003402594.3									
OG0011209		XP_003402619.1									
OG0011210		XP_003402901.2									
OG0011211		XP_003403006.2									
OG0011212		XP_003403023.2									
OG0011213		XP_003403311.2									
OG0011214		XP_003403374.1									
OG0011215		XP_003403387.2									
OG0011216		XP_003403405.1									
OG0011217		XP_003403412.1									
OG0011218		XP_012163423.1									
OG0011219		XP_012163720.1									
OG0011220		XP_012163724.2									
OG0011221		XP_012164177.1									
OG0011222		XP_012164283.1									
OG0011223		XP_012164605.1									
OG0011224		XP_012165269.1									
OG0011225		XP_012165461.2									
OG0011226		XP_012165465.1									
OG0011227		XP_012167052.1									
OG0011228		XP_012167345.1									
OG0011229		XP_012167595.1									
OG0011230		XP_012167697.1									
OG0011231		XP_012167868.1									
OG0011232		XP_012168062.1									
OG0011233		XP_012168115.1									
OG0011234		XP_012168198.1									
OG0011235		XP_012168470.2									
OG0011236		XP_012168514.2									
OG0011237		XP_012169003.1									
OG0011238		XP_012169491.2									
OG0011239		XP_012169508.1									
OG0011240		XP_012169524.1									
OG0011241		XP_012170618.1									
OG0011242		XP_012170665.1									
OG0011243		XP_012170686.1									
OG0011244		XP_012170882.1									
OG0011245		XP_012171102.1									
OG0011246		XP_012171211.1									
OG0011247		XP_012171239.1									
OG0011248		XP_012171445.1									
OG0011249		XP_012172297.1									
OG0011250		XP_012172413.1									
OG0011251		XP_012172743.1									
OG0011252		XP_012172751.2									
OG0011253		XP_012172915.1									
OG0011254		XP_012173523.1									
OG0011255		XP_012173525.1									
OG0011256		XP_012173538.1									
OG0011257		XP_012173549.1									
OG0011258		XP_012173557.1									
OG0011259		XP_012173639.2									
OG0011260		XP_012173736.1									
OG0011261		XP_012173745.1									
OG0011262		XP_012173771.1									
OG0011263		XP_012173827.2									
OG0011264		XP_012174043.2									
OG0011265		XP_012174235.2									
OG0011266		XP_012174247.1									
OG0011267		XP_012174251.1									
OG0011268		XP_012174260.1									
OG0011269		XP_012174261.2									
OG0011270		XP_012174279.2									
OG0011271		XP_012174280.1									
OG0011272		XP_012174282.1									
OG0011273		XP_012174378.1									
OG0011274		XP_012174386.1									
OG0011275		XP_012174410.1									
OG0011276		XP_012174501.1									
OG0011277		XP_012174525.1									
OG0011278		XP_012174595.1									
OG0011279		XP_012174793.1									
OG0011280		XP_012174823.1									
OG0011281		XP_012174855.1									
OG0011282		XP_012174857.2									
OG0011283		XP_012174899.1									
OG0011284		XP_012174903.1									
OG0011285		XP_012175256.1									
OG0011286		XP_012175338.2									
OG0011287		XP_012175438.1									
OG0011288		XP_012175453.1									
OG0011289		XP_012175454.2									
OG0011290		XP_012175458.1									
OG0011291		XP_012175467.2									
OG0011292		XP_012175468.1									
OG0011293		XP_012175471.1									
OG0011294		XP_012175488.1									
OG0011295		XP_012175498.1									
OG0011296		XP_012175500.1									
OG0011297		XP_012175514.2									
OG0011298		XP_012175518.1									
OG0011299		XP_012175530.2									
OG0011300		XP_012175535.1									
OG0011301		XP_012175539.1									
OG0011302		XP_012175659.1									
OG0011303		XP_012175816.1									
OG0011304		XP_012176615.2									
OG0011305		XP_012176759.1									
OG0011306		XP_020718258.1									
OG0011307		XP_020718266.1									
OG0011308		XP_020718295.1									
OG0011309		XP_020718342.1									
OG0011310		XP_020718360.1									
OG0011311		XP_020718386.1									
OG0011312		XP_020718433.1									
OG0011313		XP_020718446.1									
OG0011314		XP_020718452.1									
OG0011315		XP_020718453.1									
OG0011316		XP_020718475.1									
OG0011317		XP_020718477.1									
OG0011318		XP_020718503.1									
OG0011319		XP_020718531.1									
OG0011320		XP_020718678.1									
OG0011321		XP_020718713.1									
OG0011322		XP_020718715.1									
OG0011323		XP_020718839.1									
OG0011324		XP_020718847.1									
OG0011325		XP_020718849.1									
OG0011326		XP_020718972.1									
OG0011327		XP_020719013.1									
OG0011328		XP_020719015.1									
OG0011329		XP_020719072.1									
OG0011330		XP_020719093.1									
OG0011331		XP_020719125.1									
OG0011332		XP_020719190.1									
OG0011333		XP_020719244.1									
OG0011334		XP_020719279.1									
OG0011335		XP_020719281.1									
OG0011336		XP_020719361.1									
OG0011337		XP_020719384.1									
OG0011338		XP_020719402.1									
OG0011339		XP_020719406.1									
OG0011340		XP_020719432.1									
OG0011341		XP_020719450.1									
OG0011342		XP_020719579.1									
OG0011343		XP_020719625.1									
OG0011344		XP_020719639.1									
OG0011345		XP_020719658.1									
OG0011346		XP_020719662.1									
OG0011347		XP_020719677.1									
OG0011348		XP_020719682.1									
OG0011349		XP_020719687.1									
OG0011350		XP_020719785.1									
OG0011351		XP_020719801.1									
OG0011352		XP_020719891.1									
OG0011353		XP_020720022.1									
OG0011354		XP_020720107.1									
OG0011355		XP_020720111.1									
OG0011356		XP_020720136.1									
OG0011357		XP_020720143.1									
OG0011358		XP_020720182.1									
OG0011359		XP_020720223.1									
OG0011360		XP_020720238.1									
OG0011361		XP_020720301.1									
OG0011362		XP_020720385.1									
OG0011363		XP_020720544.1									
OG0011364		XP_020720562.1									
OG0011365		XP_020720599.1									
OG0011366		XP_020720603.1									
OG0011367		XP_020720663.1									
OG0011368		XP_020720696.1									
OG0011369		XP_020720701.1									
OG0011370		XP_020720714.1									
OG0011371		XP_020720716.1									
OG0011372		XP_020720790.1									
OG0011373		XP_020720814.1									
OG0011374		XP_020720832.1									
OG0011375		XP_020720994.1									
OG0011376		XP_020721037.1									
OG0011377		XP_020721059.1									
OG0011378		XP_020721090.1									
OG0011379		XP_020721105.1									
OG0011380		XP_020721115.1									
OG0011381		XP_020721131.1									
OG0011382		XP_020721150.1									
OG0011383		XP_020721181.1									
OG0011384		XP_020721194.1									
OG0011385		XP_020721249.1									
OG0011386		XP_020721301.1									
OG0011387		XP_020721429.1									
OG0011388		XP_020721449.1									
OG0011389		XP_020721570.1									
OG0011390		XP_020721601.1									
OG0011391		XP_020721651.1									
OG0011392		XP_020722022.1									
OG0011393		XP_020722056.1									
OG0011394		XP_020722129.1									
OG0011395		XP_020722147.1									
OG0011396		XP_020722149.1									
OG0011397		XP_020722167.1									
OG0011398		XP_020722168.1									
OG0011399		XP_020722214.1									
OG0011400		XP_020722239.1									
OG0011401		XP_020722244.1									
OG0011402		XP_020722250.1									
OG0011403		XP_020722384.1									
OG0011404		XP_020722517.1									
OG0011405		XP_020722590.1									
OG0011406		XP_020722591.1									
OG0011407		XP_020722686.1									
OG0011408		XP_020722734.1									
OG0011409		XP_020722791.1									
OG0011410		XP_020722846.1									
OG0011411		XP_020722848.1									
OG0011412		XP_020722900.1									
OG0011413		XP_020722955.1									
OG0011414		XP_020723025.1									
OG0011415		XP_020723026.1									
OG0011416		XP_020723078.1									
OG0011417		XP_020723125.1									
OG0011418		XP_020723126.1									
OG0011419		XP_020723129.1									
OG0011420		XP_020723144.1									
OG0011421		XP_020723158.1									
OG0011422		XP_020723161.1									
OG0011423		XP_020723172.1									
OG0011424		XP_020723185.1									
OG0011425		XP_020723188.1									
OG0011426		XP_020723190.1									
OG0011427		XP_020723206.1									
OG0011428		XP_020723229.1									
OG0011429		XP_020723266.1									
OG0011430		XP_020723317.1									
OG0011431		XP_020723327.1									
OG0011432		XP_020723336.1									
OG0011433		XP_020723346.1									
OG0011434		XP_020723347.1									
OG0011435		XP_020723457.1									
OG0011436		XP_020723460.1									
OG0011437		XP_020723467.1									
OG0011438		XP_020723468.1									
OG0011439		XP_020723470.1									
OG0011440		XP_020723474.1									
OG0011441		XP_020723490.1									
OG0011442		XP_020723512.1									
OG0011443		XP_020723513.1									
OG0011444		XP_020723515.1									
OG0011445		XP_020723578.1									
OG0011446		XP_020723621.1									
OG0011447		XP_020723646.1									
OG0011448		XP_020723710.1									
OG0011449		XP_020723711.1									
OG0011450		XP_020723713.1									
OG0011451		XP_020723720.1									
OG0011452		XP_020723721.1									
OG0011453		XP_020723736.1									
OG0011454		XP_020723795.1									
OG0011455		XP_020723821.1									
OG0011456		XP_020723848.1									
OG0011457		XP_020723868.1									
OG0011458		XP_020723906.1									
OG0011459		XP_020723937.1									
OG0011460		XP_020723942.1									
OG0011461		XP_020723944.1									
OG0011462		XP_020723948.1									
OG0011463		XP_020723966.1									
OG0011464		XP_020723986.1									
OG0011465		XP_020724046.1									
OG0011466		XP_020724173.1									
OG0011467		XP_020724186.1									
OG0011468		XP_020724216.1									
OG0011469		XP_020724220.1									
OG0011470		XP_020724285.1									
OG0011471		XP_020724286.1									
OG0011472			XP_017875004.2								
OG0011473			XP_017875113.1								
OG0011474			XP_017875131.1								
OG0011475			XP_017875149.2								
OG0011476			XP_017875189.1								
OG0011477			XP_017875291.1								
OG0011478			XP_017875317.1								
OG0011479			XP_017875563.1								
OG0011480			XP_017875571.1								
OG0011481			XP_017875590.1								
OG0011482			XP_017875790.1								
OG0011483			XP_017875798.1								
OG0011484			XP_017875887.1								
OG0011485			XP_017875931.1								
OG0011486			XP_017875957.1								
OG0011487			XP_017875974.1								
OG0011488			XP_017875977.2								
OG0011489			XP_017875978.1								
OG0011490			XP_017876078.2								
OG0011491			XP_017876129.2								
OG0011492			XP_017876139.1								
OG0011493			XP_017876152.1								
OG0011494			XP_017876195.1								
OG0011495			XP_017876259.2								
OG0011496			XP_017876312.1								
OG0011497			XP_017876315.2								
OG0011498			XP_017876318.1								
OG0011499			XP_017876334.1								
OG0011500			XP_017876346.1								
OG0011501			XP_017876393.1								
OG0011502			XP_017876442.1								
OG0011503			XP_017876927.1								
OG0011504			XP_017876941.1								
OG0011505			XP_017876942.2								
OG0011506			XP_017876943.1								
OG0011507			XP_017876957.1								
OG0011508			XP_017876969.1								
OG0011509			XP_017876985.1								
OG0011510			XP_017877032.1								
OG0011511			XP_017877073.1								
OG0011512			XP_017877303.1								
OG0011513			XP_017877304.2								
OG0011514			XP_017877308.2								
OG0011515			XP_017877333.2								
OG0011516			XP_017877558.2								
OG0011517			XP_017877624.1								
OG0011518			XP_017877685.2								
OG0011519			XP_017877806.1								
OG0011520			XP_017877879.2								
OG0011521			XP_017878235.2								
OG0011522			XP_017878369.2								
OG0011523			XP_017878372.1								
OG0011524			XP_017878870.2								
OG0011525			XP_017879096.1								
OG0011526			XP_017879105.1								
OG0011527			XP_017879137.1								
OG0011528			XP_017879334.2								
OG0011529			XP_017879426.1								
OG0011530			XP_017879429.1								
OG0011531			XP_017879448.2								
OG0011532			XP_017879463.2								
OG0011533			XP_017879471.1								
OG0011534			XP_017879662.1								
OG0011535			XP_017879664.1								
OG0011536			XP_017879685.1								
OG0011537			XP_017879694.1								
OG0011538			XP_017879889.2								
OG0011539			XP_017879894.1								
OG0011540			XP_017880105.1								
OG0011541			XP_017880268.1								
OG0011542			XP_017880269.2								
OG0011543			XP_017880334.1								
OG0011544			XP_017880371.2								
OG0011545			XP_017880401.1								
OG0011546			XP_017880416.2								
OG0011547			XP_017880421.1								
OG0011548			XP_017880506.1								
OG0011549			XP_017880868.1								
OG0011550			XP_017880882.2								
OG0011551			XP_017880988.2								
OG0011552			XP_017881149.1								
OG0011553			XP_017881157.2								
OG0011554			XP_017881186.1								
OG0011555			XP_017881396.1								
OG0011556			XP_017881505.1								
OG0011557			XP_017881558.1								
OG0011558			XP_017881631.2								
OG0011559			XP_017881658.1								
OG0011560			XP_017881660.1								
OG0011561			XP_017881680.1								
OG0011562			XP_017881709.1								
OG0011563			XP_017881791.1								
OG0011564			XP_017881853.2								
OG0011565			XP_017881854.1								
OG0011566			XP_017881903.2								
OG0011567			XP_017881904.1								
OG0011568			XP_017882364.1								
OG0011569			XP_017882403.1								
OG0011570			XP_017882411.1								
OG0011571			XP_017882519.2								
OG0011572			XP_017882538.1								
OG0011573			XP_017882549.1								
OG0011574			XP_017882721.2								
OG0011575			XP_017882730.2								
OG0011576			XP_017882761.2								
OG0011577			XP_017882766.2								
OG0011578			XP_017882768.2								
OG0011579			XP_017882795.1								
OG0011580			XP_017882799.2								
OG0011581			XP_017882811.1								
OG0011582			XP_017882824.1								
OG0011583			XP_017882921.2								
OG0011584			XP_017882923.1								
OG0011585			XP_017882928.2								
OG0011586			XP_017882943.2								
OG0011587			XP_017882981.2								
OG0011588			XP_017882990.1								
OG0011589			XP_017883173.1								
OG0011590			XP_017883179.1								
OG0011591			XP_017883184.2								
OG0011592			XP_017883333.1								
OG0011593			XP_017883371.1								
OG0011594			XP_017883619.2								
OG0011595			XP_017883688.1								
OG0011596			XP_017883700.1								
OG0011597			XP_017883787.2								
OG0011598			XP_017883900.1								
OG0011599			XP_017883927.2								
OG0011600			XP_017883941.2								
OG0011601			XP_017883978.2								
OG0011602			XP_017883994.1								
OG0011603			XP_017884085.2								
OG0011604			XP_017884114.2								
OG0011605			XP_017884162.1								
OG0011606			XP_017884277.1								
OG0011607			XP_017884282.1								
OG0011608			XP_017884284.1								
OG0011609			XP_017884297.2								
OG0011610			XP_017884310.1								
OG0011611			XP_017884369.1								
OG0011612			XP_017884411.1								
OG0011613			XP_017884412.1								
OG0011614			XP_017884589.1								
OG0011615			XP_017885091.1								
OG0011616			XP_017885096.2								
OG0011617			XP_017885293.2								
OG0011618			XP_017885356.2								
OG0011619			XP_017885412.1								
OG0011620			XP_017885416.2								
OG0011621			XP_017885422.1								
OG0011622			XP_017885476.2								
OG0011623			XP_017885636.1								
OG0011624			XP_017885725.1								
OG0011625			XP_017885803.1								
OG0011626			XP_017885806.2								
OG0011627			XP_017886018.1								
OG0011628			XP_017886221.2								
OG0011629			XP_017886222.2								
OG0011630			XP_017886227.1								
OG0011631			XP_017886228.1								
OG0011632			XP_017886662.1								
OG0011633			XP_017886912.1								
OG0011634			XP_017886919.1								
OG0011635			XP_017886989.1								
OG0011636			XP_017887383.1								
OG0011637			XP_017887387.2								
OG0011638			XP_017887406.1								
OG0011639			XP_017887410.1								
OG0011640			XP_017887414.1								
OG0011641			XP_017887533.1								
OG0011642			XP_017887564.1								
OG0011643			XP_017887568.1								
OG0011644			XP_017887728.1								
OG0011645			XP_017887797.2								
OG0011646			XP_017887808.1								
OG0011647			XP_017888030.1								
OG0011648			XP_017888047.2								
OG0011649			XP_017888100.1								
OG0011650			XP_017888111.2								
OG0011651			XP_017888243.1								
OG0011652			XP_017888246.1								
OG0011653			XP_017888332.1								
OG0011654			XP_017888360.2								
OG0011655			XP_017888362.2								
OG0011656			XP_017888526.1								
OG0011657			XP_017888548.2								
OG0011658			XP_017888605.2								
OG0011659			XP_017888618.1								
OG0011660			XP_017888624.1								
OG0011661			XP_017888625.2								
OG0011662			XP_017888634.2								
OG0011663			XP_017888635.1								
OG0011664			XP_017888636.1								
OG0011665			XP_017888658.2								
OG0011666			XP_017888666.1								
OG0011667			XP_017888685.1								
OG0011668			XP_017888734.1								
OG0011669			XP_017888914.2								
OG0011670			XP_017888917.1								
OG0011671			XP_017889169.1								
OG0011672			XP_017889200.1								
OG0011673			XP_017889201.1								
OG0011674			XP_017889228.1								
OG0011675			XP_017889309.1								
OG0011676			XP_017889364.1								
OG0011677			XP_017889968.1								
OG0011678			XP_017890018.2								
OG0011679			XP_017890021.2								
OG0011680			XP_017890265.1								
OG0011681			XP_017890374.2								
OG0011682			XP_017890414.2								
OG0011683			XP_017890418.1								
OG0011684			XP_017890451.1								
OG0011685			XP_017890466.1								
OG0011686			XP_017890580.1								
OG0011687			XP_017890706.1								
OG0011688			XP_017890708.1								
OG0011689			XP_017890711.1								
OG0011690			XP_017891004.2								
OG0011691			XP_017891015.1								
OG0011692			XP_017891212.1								
OG0011693			XP_017891400.1								
OG0011694			XP_017891436.1								
OG0011695			XP_017891463.1								
OG0011696			XP_017891651.1								
OG0011697			XP_017891745.2								
OG0011698			XP_017891747.1								
OG0011699			XP_017891810.1								
OG0011700			XP_017891822.1								
OG0011701			XP_017891864.2								
OG0011702			XP_017891910.1								
OG0011703			XP_017891923.1								
OG0011704			XP_017892294.1								
OG0011705			XP_017892317.1								
OG0011706			XP_017892603.1								
OG0011707			XP_017892646.1								
OG0011708			XP_017892648.1								
OG0011709			XP_017892656.1								
OG0011710			XP_017892687.1								
OG0011711			XP_017892696.1								
OG0011712			XP_017892698.2								
OG0011713			XP_017892703.1								
OG0011714			XP_017892717.2								
OG0011715			XP_017892755.1								
OG0011716			XP_017892961.2								
OG0011717			XP_017892984.2								
OG0011718			XP_017893070.2								
OG0011719			XP_017893444.1								
OG0011720			XP_026666489.1								
OG0011721			XP_026666510.1								
OG0011722			XP_026666546.1								
OG0011723			XP_026666631.1								
OG0011724			XP_026666653.1								
OG0011725			XP_026666658.1								
OG0011726			XP_026666705.1								
OG0011727			XP_026666801.1								
OG0011728			XP_026666802.1								
OG0011729			XP_026666825.1								
OG0011730			XP_026666828.1								
OG0011731			XP_026666877.1								
OG0011732			XP_026666886.1								
OG0011733			XP_026666913.1								
OG0011734			XP_026666959.1								
OG0011735			XP_026666961.1								
OG0011736			XP_026666962.1								
OG0011737			XP_026666990.1								
OG0011738			XP_026666991.1								
OG0011739			XP_026667008.1								
OG0011740			XP_026667061.1								
OG0011741			XP_026667062.1								
OG0011742			XP_026667064.1								
OG0011743			XP_026667065.1								
OG0011744			XP_026667145.1								
OG0011745			XP_026667204.1								
OG0011746			XP_026667402.1								
OG0011747			XP_026667441.1								
OG0011748			XP_026667522.1								
OG0011749			XP_026667552.1								
OG0011750			XP_026667553.1								
OG0011751			XP_026667571.1								
OG0011752			XP_026667592.1								
OG0011753			XP_026667595.1								
OG0011754			XP_026667598.1								
OG0011755			XP_026667643.1								
OG0011756			XP_026667680.1								
OG0011757			XP_026667710.1								
OG0011758			XP_026667741.1								
OG0011759			XP_026667811.1								
OG0011760			XP_026667833.1								
OG0011761			XP_026667856.1								
OG0011762			XP_026667866.1								
OG0011763			XP_026667906.1								
OG0011764			XP_026667991.1								
OG0011765			XP_026668000.1								
OG0011766			XP_026668018.1								
OG0011767			XP_026668054.1								
OG0011768			XP_026668062.1								
OG0011769			XP_026668141.1								
OG0011770			XP_026668145.1								
OG0011771			XP_026668162.1								
OG0011772			XP_026668173.1								
OG0011773			XP_026668203.1								
OG0011774			XP_026668222.1								
OG0011775			XP_026668277.1								
OG0011776			XP_026668278.1								
OG0011777			XP_026668293.1								
OG0011778			XP_026668376.1								
OG0011779			XP_026668427.1								
OG0011780			XP_026668433.1								
OG0011781			XP_026668468.1								
OG0011782			XP_026668516.1								
OG0011783			XP_026668526.1								
OG0011784			XP_026668621.1								
OG0011785			XP_026668760.1								
OG0011786			XP_026668864.1								
OG0011787			XP_026668989.1								
OG0011788			XP_026668999.1								
OG0011789			XP_026669001.1								
OG0011790			XP_026669093.1								
OG0011791			XP_026669101.1								
OG0011792			XP_026669110.1								
OG0011793			XP_026669143.1								
OG0011794			XP_026669154.1								
OG0011795			XP_026669190.1								
OG0011796			XP_026669223.1								
OG0011797			XP_026669244.1								
OG0011798			XP_026669279.1								
OG0011799			XP_026669309.1								
OG0011800			XP_026669380.1								
OG0011801			XP_026669381.1								
OG0011802			XP_026669410.1								
OG0011803			XP_026669412.1								
OG0011804			XP_026669439.1								
OG0011805			XP_026669453.1								
OG0011806			XP_026669531.1								
OG0011807			XP_026669535.1								
OG0011808			XP_026669678.1								
OG0011809			XP_026669741.1								
OG0011810			XP_026669783.1								
OG0011811			XP_026669786.1								
OG0011812			XP_026669955.1								
OG0011813			XP_026670017.1								
OG0011814			XP_026670046.1								
OG0011815			XP_026670086.1								
OG0011816			XP_026670104.1								
OG0011817			XP_026670120.1								
OG0011818			XP_026670122.1								
OG0011819			XP_026670136.1								
OG0011820			XP_026670148.1								
OG0011821			XP_026670149.1								
OG0011822			XP_026670208.1								
OG0011823			XP_026670216.1								
OG0011824			XP_026670288.1								
OG0011825			XP_026670465.1								
OG0011826			XP_026670466.1								
OG0011827			XP_026670487.1								
OG0011828			XP_026670489.1								
OG0011829			XP_026670515.1								
OG0011830			XP_026670524.1								
OG0011831			XP_026670612.1								
OG0011832			XP_026670616.1								
OG0011833			XP_026670640.1								
OG0011834			XP_026670665.1								
OG0011835			XP_026670687.1								
OG0011836			XP_026670728.1								
OG0011837			XP_026670740.1								
OG0011838			XP_026670758.1								
OG0011839			XP_026670794.1								
OG0011840			XP_026670813.1								
OG0011841			XP_026670820.1								
OG0011842			XP_026670920.1								
OG0011843			XP_026670986.1								
OG0011844			XP_026671027.1								
OG0011845			XP_026671032.1								
OG0011846			XP_026671049.1								
OG0011847			XP_026671167.1								
OG0011848			XP_026671188.1								
OG0011849			XP_026671196.1								
OG0011850			XP_026671199.1								
OG0011851			XP_026671201.1								
OG0011852			XP_026671322.1								
OG0011853			XP_026671346.1								
OG0011854			XP_026671404.1								
OG0011855			XP_026671451.1								
OG0011856			XP_026671682.1								
OG0011857			XP_026671697.1								
OG0011858			XP_026671708.1								
OG0011859			XP_026671711.1								
OG0011860			XP_026671774.1								
OG0011861			XP_026671896.1								
OG0011862			XP_026671911.1								
OG0011863			XP_026671954.1								
OG0011864			XP_026671975.1								
OG0011865			XP_026672005.1								
OG0011866			XP_026672062.1								
OG0011867			XP_026672074.1								
OG0011868			XP_026672112.1								
OG0011869			XP_026672113.1								
OG0011870			XP_026672115.1								
OG0011871			XP_026672133.1								
OG0011872			XP_026672142.1								
OG0011873			XP_026672202.1								
OG0011874			XP_026672272.1								
OG0011875			XP_026672301.1								
OG0011876			XP_026672357.1								
OG0011877			XP_026672435.1								
OG0011878			XP_026672563.1								
OG0011879			XP_026672606.1								
OG0011880			XP_026672781.1								
OG0011881			XP_026672811.1								
OG0011882			XP_026672917.1								
OG0011883			XP_026672935.1								
OG0011884			XP_026672975.1								
OG0011885			XP_026672983.1								
OG0011886			XP_026672985.1								
OG0011887			XP_026672986.1								
OG0011888			XP_026673013.1								
OG0011889			XP_026673032.1								
OG0011890			XP_026673033.1								
OG0011891			XP_026673183.1								
OG0011892			XP_026673205.1								
OG0011893			XP_026673232.1								
OG0011894			XP_026673246.1								
OG0011895			XP_026673271.1								
OG0011896			XP_026673275.1								
OG0011897			XP_026673283.1								
OG0011898			XP_026673295.1								
OG0011899			XP_026673298.1								
OG0011900			XP_026673311.1								
OG0011901			XP_026673323.1								
OG0011902			XP_026673400.1								
OG0011903			XP_026673410.1								
OG0011904			XP_026673474.1								
OG0011905			XP_026673490.1								
OG0011906			XP_026673530.1								
OG0011907			XP_026673545.1								
OG0011908			XP_026673547.1								
OG0011909			XP_026673548.1								
OG0011910			XP_026673551.1								
OG0011911			XP_026673553.1								
OG0011912			XP_026673569.1								
OG0011913			XP_026673572.1								
OG0011914			XP_026673631.1								
OG0011915			XP_026673692.1								
OG0011916			XP_026673730.1								
OG0011917			XP_026673803.1								
OG0011918			XP_026673815.1								
OG0011919			XP_026673849.1								
OG0011920			XP_026673864.1								
OG0011921			XP_026673935.1								
OG0011922			XP_026673947.1								
OG0011923			XP_026674040.1								
OG0011924			XP_026674041.1								
OG0011925			XP_026674067.1								
OG0011926			XP_026674111.1								
OG0011927			XP_026674143.1								
OG0011928			XP_026674183.1								
OG0011929			XP_026674224.1								
OG0011930			XP_026674234.1								
OG0011931			XP_026674239.1								
OG0011932			XP_026674318.1								
OG0011933			XP_026674389.1								
OG0011934			XP_026674448.1								
OG0011935			XP_026674453.1								
OG0011936			XP_026674579.1								
OG0011937			XP_026674617.1								
OG0011938			XP_026674657.1								
OG0011939			XP_026674722.1								
OG0011940			XP_026674781.1								
OG0011941			XP_026674852.1								
OG0011942			XP_026674939.1								
OG0011943			XP_026674942.1								
OG0011944			XP_026674950.1								
OG0011945			XP_026674982.1								
OG0011946			XP_026675036.1								
OG0011947			XP_026675091.1								
OG0011948			XP_026675092.1								
OG0011949			XP_026675130.1								
OG0011950			XP_026675205.1								
OG0011951			XP_026675344.1								
OG0011952			XP_026675363.1								
OG0011953			XP_026675431.1								
OG0011954			XP_026675545.1								
OG0011955			XP_026675561.1								
OG0011956			XP_026675571.1								
OG0011957			XP_026675573.1								
OG0011958			XP_026675613.1								
OG0011959				XP_015428424.1							
OG0011960				XP_015428679.1							
OG0011961				XP_015429205.1							
OG0011962				XP_015429381.1							
OG0011963				XP_015429382.1							
OG0011964				XP_015429487.1							
OG0011965				XP_015429815.1							
OG0011966				XP_015429828.1							
OG0011967				XP_015430122.1							
OG0011968				XP_015430139.1							
OG0011969				XP_015430250.1							
OG0011970				XP_015430541.1							
OG0011971				XP_015430613.1							
OG0011972				XP_015430890.1							
OG0011973				XP_015431265.1							
OG0011974				XP_015431465.1							
OG0011975				XP_015431467.1							
OG0011976				XP_015431566.1							
OG0011977				XP_015431643.1							
OG0011978				XP_015431645.1							
OG0011979				XP_015431881.1							
OG0011980				XP_015431936.1							
OG0011981				XP_015431945.1							
OG0011982				XP_015431983.1							
OG0011983				XP_015432645.1							
OG0011984				XP_015432797.1							
OG0011985				XP_015433154.1							
OG0011986				XP_015433424.1							
OG0011987				XP_015433448.1							
OG0011988				XP_015434222.1							
OG0011989				XP_015434224.1							
OG0011990				XP_015434353.1							
OG0011991				XP_015434390.1							
OG0011992				XP_015434393.1							
OG0011993				XP_015434590.1							
OG0011994				XP_015434692.1							
OG0011995				XP_015434703.1							
OG0011996				XP_015434789.1							
OG0011997				XP_015434814.1							
OG0011998				XP_015434943.1							
OG0011999				XP_015435402.1							
OG0012000				XP_015435767.1							
OG0012001				XP_015436021.1							
OG0012002				XP_015436111.1							
OG0012003				XP_015436114.1							
OG0012004				XP_015436215.1							
OG0012005				XP_015436455.1							
OG0012006				XP_015436508.1							
OG0012007				XP_015436525.1							
OG0012008				XP_015436585.1							
OG0012009				XP_015436937.1							
OG0012010				XP_015436993.1							
OG0012011				XP_015437008.1							
OG0012012				XP_015437009.1							
OG0012013				XP_015437121.1							
OG0012014				XP_015437129.1							
OG0012015				XP_015437460.1							
OG0012016				XP_015437594.1							
OG0012017				XP_015437679.1							
OG0012018				XP_015437869.1							
OG0012019				XP_015437896.1							
OG0012020				XP_015437905.1							
OG0012021				XP_015437943.1							
OG0012022				XP_015438071.1							
OG0012023				XP_015438106.1							
OG0012024				XP_015438124.1							
OG0012025				XP_015438137.1							
OG0012026				XP_015438140.1							
OG0012027				XP_015438143.1							
OG0012028				XP_015438152.1							
OG0012029				XP_015438259.1							
OG0012030				XP_015438721.1							
OG0012031				XP_015438790.1							
OG0012032				XP_015439049.1							
OG0012033				XP_015439281.1							
OG0012034				XP_015439317.1							
OG0012035				XP_015439688.1							
OG0012036				XP_015439767.1							
OG0012037				XP_015439828.1							
OG0012038				XP_015440213.1							
OG0012039				XP_015440417.1							
OG0012040					XP_017752215.1						
OG0012041					XP_017752310.1						
OG0012042					XP_017752480.1						
OG0012043					XP_017752561.1						
OG0012044					XP_017752564.1						
OG0012045					XP_017752626.1						
OG0012046					XP_017752641.1						
OG0012047					XP_017752658.1						
OG0012048					XP_017752661.1						
OG0012049					XP_017752720.1						
OG0012050					XP_017752726.1						
OG0012051					XP_017752986.1						
OG0012052					XP_017753002.1						
OG0012053					XP_017753074.1						
OG0012054					XP_017753130.1						
OG0012055					XP_017753137.1						
OG0012056					XP_017753138.1						
OG0012057					XP_017753482.1						
OG0012058					XP_017753657.1						
OG0012059					XP_017753912.1						
OG0012060					XP_017753958.1						
OG0012061					XP_017753959.1						
OG0012062					XP_017753984.1						
OG0012063					XP_017754035.1						
OG0012064					XP_017754138.1						
OG0012065					XP_017754147.1						
OG0012066					XP_017754251.1						
OG0012067					XP_017754316.1						
OG0012068					XP_017754318.1						
OG0012069					XP_017754322.1						
OG0012070					XP_017754357.1						
OG0012071					XP_017754455.1						
OG0012072					XP_017754501.1						
OG0012073					XP_017754600.1						
OG0012074					XP_017754892.1						
OG0012075					XP_017755158.1						
OG0012076					XP_017755223.1						
OG0012077					XP_017755226.1						
OG0012078					XP_017755236.1						
OG0012079					XP_017755244.1						
OG0012080					XP_017755453.1						
OG0012081					XP_017755477.1						
OG0012082					XP_017755512.1						
OG0012083					XP_017755513.1						
OG0012084					XP_017755517.1						
OG0012085					XP_017755535.1						
OG0012086					XP_017755583.1						
OG0012087					XP_017755622.1						
OG0012088					XP_017755965.1						
OG0012089					XP_017755966.1						
OG0012090					XP_017756046.1						
OG0012091					XP_017756218.1						
OG0012092					XP_017756299.1						
OG0012093					XP_017756554.1						
OG0012094					XP_017756574.1						
OG0012095					XP_017756586.1						
OG0012096					XP_017756881.1						
OG0012097					XP_017757087.1						
OG0012098					XP_017757121.1						
OG0012099					XP_017757268.1						
OG0012100					XP_017757271.1						
OG0012101					XP_017757442.1						
OG0012102					XP_017757510.1						
OG0012103					XP_017757732.1						
OG0012104					XP_017757741.1						
OG0012105					XP_017757883.1						
OG0012106					XP_017758023.1						
OG0012107					XP_017758134.1						
OG0012108					XP_017758138.1						
OG0012109					XP_017758281.1						
OG0012110					XP_017758282.1						
OG0012111					XP_017758284.1						
OG0012112					XP_017758302.1						
OG0012113					XP_017758465.1						
OG0012114					XP_017758560.1						
OG0012115					XP_017759083.1						
OG0012116					XP_017759120.1						
OG0012117					XP_017759154.1						
OG0012118					XP_017759158.1						
OG0012119					XP_017759159.1						
OG0012120					XP_017759302.1						
OG0012121					XP_017759319.1						
OG0012122					XP_017759460.1						
OG0012123					XP_017759472.1						
OG0012124					XP_017759647.1						
OG0012125					XP_017759652.1						
OG0012126					XP_017759720.1						
OG0012127					XP_017759800.1						
OG0012128					XP_017759815.1						
OG0012129					XP_017759816.1						
OG0012130					XP_017759927.1						
OG0012131					XP_017759970.1						
OG0012132					XP_017760063.1						
OG0012133					XP_017760230.1						
OG0012134					XP_017760271.1						
OG0012135					XP_017760338.1						
OG0012136					XP_017760416.1						
OG0012137					XP_017760422.1						
OG0012138					XP_017760498.1						
OG0012139					XP_017760500.1						
OG0012140					XP_017760904.1						
OG0012141					XP_017760999.1						
OG0012142					XP_017761108.1						
OG0012143					XP_017761126.1						
OG0012144					XP_017761208.1						
OG0012145					XP_017761302.1						
OG0012146					XP_017761316.1						
OG0012147					XP_017761323.1						
OG0012148					XP_017761427.1						
OG0012149					XP_017761428.1						
OG0012150					XP_017761548.1						
OG0012151					XP_017761619.1						
OG0012152					XP_017761628.1						
OG0012153					XP_017761805.1						
OG0012154					XP_017761954.1						
OG0012155					XP_017761998.1						
OG0012156					XP_017762023.1						
OG0012157					XP_017762232.1						
OG0012158					XP_017762237.1						
OG0012159					XP_017762333.1						
OG0012160					XP_017762360.1						
OG0012161					XP_017762391.1						
OG0012162					XP_017762516.1						
OG0012163					XP_017762558.1						
OG0012164					XP_017762595.1						
OG0012165					XP_017762662.1						
OG0012166					XP_017762767.1						
OG0012167					XP_017762768.1						
OG0012168					XP_017762775.1						
OG0012169					XP_017762791.1						
OG0012170					XP_017762824.1						
OG0012171					XP_017762875.1						
OG0012172					XP_017762905.1						
OG0012173					XP_017762942.1						
OG0012174					XP_017763283.1						
OG0012175					XP_017763356.1						
OG0012176					XP_017763381.1						
OG0012177					XP_017763517.1						
OG0012178					XP_017763609.1						
OG0012179					XP_017763670.1						
OG0012180					XP_017763809.1						
OG0012181					XP_017763842.1						
OG0012182					XP_017763857.1						
OG0012183					XP_017763867.1						
OG0012184					XP_017763878.1						
OG0012185					XP_017763902.1						
OG0012186					XP_017764094.1						
OG0012187					XP_017764155.1						
OG0012188					XP_017764219.1						
OG0012189					XP_017764249.1						
OG0012190					XP_017764338.1						
OG0012191					XP_017764393.1						
OG0012192					XP_017764396.1						
OG0012193					XP_017764487.1						
OG0012194					XP_017764533.1						
OG0012195					XP_017764536.1						
OG0012196					XP_017764647.1						
OG0012197					XP_017764696.1						
OG0012198					XP_017764871.1						
OG0012199					XP_017764946.1						
OG0012200					XP_017765316.1						
OG0012201					XP_017765378.1						
OG0012202					XP_017765452.1						
OG0012203					XP_017765468.1						
OG0012204					XP_017765486.1						
OG0012205					XP_017765488.1						
OG0012206					XP_017765496.1						
OG0012207					XP_017765499.1						
OG0012208					XP_017765578.1						
OG0012209					XP_017765582.1						
OG0012210					XP_017765594.1						
OG0012211					XP_017765602.1						
OG0012212					XP_017765603.1						
OG0012213					XP_017765607.1						
OG0012214					XP_017765608.1						
OG0012215					XP_017765610.1						
OG0012216					XP_017765615.1						
OG0012217					XP_017765616.1						
OG0012218					XP_017765625.1						
OG0012219					XP_017765627.1						
OG0012220					XP_017765629.1						
OG0012221					XP_017765686.1						
OG0012222					XP_017765693.1						
OG0012223					XP_017765799.1						
OG0012224					XP_017765817.1						
OG0012225					XP_017765886.1						
OG0012226					XP_017765956.1						
OG0012227					XP_017765979.1						
OG0012228					XP_017766019.1						
OG0012229					XP_017766128.1						
OG0012230					XP_017766166.1						
OG0012231					XP_017766212.1						
OG0012232					XP_017766312.1						
OG0012233					XP_017766387.1						
OG0012234					XP_017766422.1						
OG0012235					XP_017766477.1						
OG0012236					XP_017766509.1						
OG0012237					XP_017766531.1						
OG0012238					XP_017766781.1						
OG0012239					XP_017766866.1						
OG0012240					XP_017766958.1						
OG0012241					XP_017766959.1						
OG0012242					XP_017767123.1						
OG0012243					XP_017767138.1						
OG0012244					XP_017767140.1						
OG0012245					XP_017767302.1						
OG0012246					XP_017767464.1						
OG0012247						XP_017787622.1					
OG0012248						XP_017787628.1					
OG0012249						XP_017787640.1					
OG0012250						XP_017787886.1					
OG0012251						XP_017788039.1					
OG0012252						XP_017788201.1					
OG0012253						XP_017788209.1					
OG0012254						XP_017788250.1					
OG0012255						XP_017788316.1					
OG0012256						XP_017788470.1					
OG0012257						XP_017788500.1					
OG0012258						XP_017788917.1					
OG0012259						XP_017789018.1					
OG0012260						XP_017789232.1					
OG0012261						XP_017789312.1					
OG0012262						XP_017789547.1					
OG0012263						XP_017789588.1					
OG0012264						XP_017789843.1					
OG0012265						XP_017790248.1					
OG0012266						XP_017790256.1					
OG0012267						XP_017790261.1					
OG0012268						XP_017790372.1					
OG0012269						XP_017790420.1					
OG0012270						XP_017790884.1					
OG0012271						XP_017791087.1					
OG0012272						XP_017791198.1					
OG0012273						XP_017791476.1					
OG0012274						XP_017791516.1					
OG0012275						XP_017791755.1					
OG0012276						XP_017791805.1					
OG0012277						XP_017791811.1					
OG0012278						XP_017791875.1					
OG0012279						XP_017791928.1					
OG0012280						XP_017791943.1					
OG0012281						XP_017791961.1					
OG0012282						XP_017792009.1					
OG0012283						XP_017792018.1					
OG0012284						XP_017792114.1					
OG0012285						XP_017792236.1					
OG0012286						XP_017792419.1					
OG0012287						XP_017792560.1					
OG0012288						XP_017792698.1					
OG0012289						XP_017792859.1					
OG0012290						XP_017792916.1					
OG0012291						XP_017792964.1					
OG0012292						XP_017792994.1					
OG0012293						XP_017793156.1					
OG0012294						XP_017793322.1					
OG0012295						XP_017793597.1					
OG0012296						XP_017793855.1					
OG0012297						XP_017793856.1					
OG0012298						XP_017794167.1					
OG0012299						XP_017794318.1					
OG0012300						XP_017794324.1					
OG0012301						XP_017794374.1					
OG0012302						XP_017794486.1					
OG0012303						XP_017794603.1					
OG0012304						XP_017794608.1					
OG0012305						XP_017794754.1					
OG0012306						XP_017794835.1					
OG0012307						XP_017795021.1					
OG0012308						XP_017795061.1					
OG0012309						XP_017795194.1					
OG0012310						XP_017795516.1					
OG0012311						XP_017795981.1					
OG0012312						XP_017795983.1					
OG0012313						XP_017796109.1					
OG0012314						XP_017796222.1					
OG0012315						XP_017796223.1					
OG0012316						XP_017796278.1					
OG0012317						XP_017796349.1					
OG0012318						XP_017796352.1					
OG0012319						XP_017796755.1					
OG0012320						XP_017796787.1					
OG0012321						XP_017796823.1					
OG0012322						XP_017796832.1					
OG0012323						XP_017797003.1					
OG0012324						XP_017797017.1					
OG0012325						XP_017797081.1					
OG0012326						XP_017797083.1					
OG0012327						XP_017797086.1					
OG0012328						XP_017797098.1					
OG0012329						XP_017797101.1					
OG0012330						XP_017797104.1					
OG0012331						XP_017797109.1					
OG0012332						XP_017797111.1					
OG0012333						XP_017797113.1					
OG0012334						XP_017797117.1					
OG0012335						XP_017797119.1					
OG0012336						XP_017797121.1					
OG0012337						XP_017797123.1					
OG0012338						XP_017797134.1					
OG0012339						XP_017797142.1					
OG0012340						XP_017797144.1					
OG0012341						XP_017797145.1					
OG0012342						XP_017797149.1					
OG0012343						XP_017797529.1					
OG0012344						XP_017797772.1					
OG0012345						XP_017798225.1					
OG0012346						XP_017798329.1					
OG0012347						XP_017798448.1					
OG0012348						XP_017798512.1					
OG0012349						XP_017798536.1					
OG0012350						XP_017798583.1					
OG0012351						XP_017798758.1					
OG0012352						XP_017798960.1					
OG0012353						XP_017798985.1					
OG0012354						XP_017798986.1					
OG0012355						XP_017798998.1					
OG0012356						XP_017799023.1					
OG0012357						XP_017799305.1					
OG0012358						XP_017799380.1					
OG0012359						XP_017799430.1					
OG0012360						XP_017799463.1					
OG0012361							XP_003699241.1				
OG0012362							XP_003700292.1				
OG0012363							XP_003700756.1				
OG0012364							XP_003701238.1				
OG0012365							XP_003701623.2				
OG0012366							XP_003701952.1				
OG0012367							XP_003702311.1				
OG0012368							XP_003703570.1				
OG0012369							XP_003703728.2				
OG0012370							XP_003703834.1				
OG0012371							XP_003704697.1				
OG0012372							XP_003705148.1				
OG0012373							XP_003705467.2				
OG0012374							XP_003705726.1				
OG0012375							XP_003706234.1				
OG0012376							XP_003706294.1				
OG0012377							XP_003706385.1				
OG0012378							XP_003707251.2				
OG0012379							XP_003707657.2				
OG0012380							XP_003707916.2				
OG0012381							XP_003708164.2				
OG0012382							XP_003708258.2				
OG0012383							XP_012134529.1				
OG0012384							XP_012134537.1				
OG0012385							XP_012134620.1				
OG0012386							XP_012134705.1				
OG0012387							XP_012134777.1				
OG0012388							XP_012134852.1				
OG0012389							XP_012134878.1				
OG0012390							XP_012134943.1				
OG0012391							XP_012135175.1				
OG0012392							XP_012135248.1				
OG0012393							XP_012135308.1				
OG0012394							XP_012135329.1				
OG0012395							XP_012135342.1				
OG0012396							XP_012135346.1				
OG0012397							XP_012135446.1				
OG0012398							XP_012135450.1				
OG0012399							XP_012135473.1				
OG0012400							XP_012135508.1				
OG0012401							XP_012135537.1				
OG0012402							XP_012135592.1				
OG0012403							XP_012135602.1				
OG0012404							XP_012135638.1				
OG0012405							XP_012135698.1				
OG0012406							XP_012135757.1				
OG0012407							XP_012135758.1				
OG0012408							XP_012135912.1				
OG0012409							XP_012135913.1				
OG0012410							XP_012136022.1				
OG0012411							XP_012136080.1				
OG0012412							XP_012136149.1				
OG0012413							XP_012136183.1				
OG0012414							XP_012136202.1				
OG0012415							XP_012136283.1				
OG0012416							XP_012136375.1				
OG0012417							XP_012136397.1				
OG0012418							XP_012136402.1				
OG0012419							XP_012136486.1				
OG0012420							XP_012136502.1				
OG0012421							XP_012136520.1				
OG0012422							XP_012136705.1				
OG0012423							XP_012136734.1				
OG0012424							XP_012136784.1				
OG0012425							XP_012136789.1				
OG0012426							XP_012136791.1				
OG0012427							XP_012136797.1				
OG0012428							XP_012137028.1				
OG0012429							XP_012137066.1				
OG0012430							XP_012137277.1				
OG0012431							XP_012137354.1				
OG0012432							XP_012137361.1				
OG0012433							XP_012137424.1				
OG0012434							XP_012137425.1				
OG0012435							XP_012137478.1				
OG0012436							XP_012137480.1				
OG0012437							XP_012137481.1				
OG0012438							XP_012137517.1				
OG0012439							XP_012137540.1				
OG0012440							XP_012137579.1				
OG0012441							XP_012137592.1				
OG0012442							XP_012137714.1				
OG0012443							XP_012137783.1				
OG0012444							XP_012137969.1				
OG0012445							XP_012138076.1				
OG0012446							XP_012138077.1				
OG0012447							XP_012138166.1				
OG0012448							XP_012138169.1				
OG0012449							XP_012138171.1				
OG0012450							XP_012138246.1				
OG0012451							XP_012138309.1				
OG0012452							XP_012138341.1				
OG0012453							XP_012138366.1				
OG0012454							XP_012138502.1				
OG0012455							XP_012138584.1				
OG0012456							XP_012138587.1				
OG0012457							XP_012138612.1				
OG0012458							XP_012138617.1				
OG0012459							XP_012138684.1				
OG0012460							XP_012138743.1				
OG0012461							XP_012138744.1				
OG0012462							XP_012138887.1				
OG0012463							XP_012138948.1				
OG0012464							XP_012138982.1				
OG0012465							XP_012139036.1				
OG0012466							XP_012139072.1				
OG0012467							XP_012139078.1				
OG0012468							XP_012139080.1				
OG0012469							XP_012139136.1				
OG0012470							XP_012139246.1				
OG0012471							XP_012139247.1				
OG0012472							XP_012139251.1				
OG0012473							XP_012139327.1				
OG0012474							XP_012139330.1				
OG0012475							XP_012139331.1				
OG0012476							XP_012139333.1				
OG0012477							XP_012139371.1				
OG0012478							XP_012139415.1				
OG0012479							XP_012139764.1				
OG0012480							XP_012139809.1				
OG0012481							XP_012139844.1				
OG0012482							XP_012139872.1				
OG0012483							XP_012139873.1				
OG0012484							XP_012139920.1				
OG0012485							XP_012139965.1				
OG0012486							XP_012139966.1				
OG0012487							XP_012139967.1				
OG0012488							XP_012140046.1				
OG0012489							XP_012140152.1				
OG0012490							XP_012140237.1				
OG0012491							XP_012140261.1				
OG0012492							XP_012140351.1				
OG0012493							XP_012140376.1				
OG0012494							XP_012140418.1				
OG0012495							XP_012140612.1				
OG0012496							XP_012140680.1				
OG0012497							XP_012140733.1				
OG0012498							XP_012140752.1				
OG0012499							XP_012140786.1				
OG0012500							XP_012140792.1				
OG0012501							XP_012140841.1				
OG0012502							XP_012140863.1				
OG0012503							XP_012140866.1				
OG0012504							XP_012140948.1				
OG0012505							XP_012141087.1				
OG0012506							XP_012141306.1				
OG0012507							XP_012141515.1				
OG0012508							XP_012141571.1				
OG0012509							XP_012141574.1				
OG0012510							XP_012141578.1				
OG0012511							XP_012141584.1				
OG0012512							XP_012141720.1				
OG0012513							XP_012141815.1				
OG0012514							XP_012141943.1				
OG0012515							XP_012141948.1				
OG0012516							XP_012142003.1				
OG0012517							XP_012142147.1				
OG0012518							XP_012142299.1				
OG0012519							XP_012142300.1				
OG0012520							XP_012142302.1				
OG0012521							XP_012142381.1				
OG0012522							XP_012142394.1				
OG0012523							XP_012142412.1				
OG0012524							XP_012142413.1				
OG0012525							XP_012142414.1				
OG0012526							XP_012142614.1				
OG0012527							XP_012142618.1				
OG0012528							XP_012142619.1				
OG0012529							XP_012142699.1				
OG0012530							XP_012142733.1				
OG0012531							XP_012143032.1				
OG0012532							XP_012143043.1				
OG0012533							XP_012143063.1				
OG0012534							XP_012143100.1				
OG0012535							XP_012143106.1				
OG0012536							XP_012143110.1				
OG0012537							XP_012143121.1				
OG0012538							XP_012143122.1				
OG0012539							XP_012143132.1				
OG0012540							XP_012143133.1				
OG0012541							XP_012143141.1				
OG0012542							XP_012143143.1				
OG0012543							XP_012143311.1				
OG0012544							XP_012143316.1				
OG0012545							XP_012143371.1				
OG0012546							XP_012143473.1				
OG0012547							XP_012143531.1				
OG0012548							XP_012143628.1				
OG0012549							XP_012143708.1				
OG0012550							XP_012143731.1				
OG0012551							XP_012143769.1				
OG0012552							XP_012143885.1				
OG0012553							XP_012143886.1				
OG0012554							XP_012143991.1				
OG0012555							XP_012144053.1				
OG0012556							XP_012144077.1				
OG0012557							XP_012144081.1				
OG0012558							XP_012144089.1				
OG0012559							XP_012144102.1				
OG0012560							XP_012144186.1				
OG0012561							XP_012144311.1				
OG0012562							XP_012144315.1				
OG0012563							XP_012144349.1				
OG0012564							XP_012144471.1				
OG0012565							XP_012144541.1				
OG0012566							XP_012144552.1				
OG0012567							XP_012144598.1				
OG0012568							XP_012144643.1				
OG0012569							XP_012144755.1				
OG0012570							XP_012144847.1				
OG0012571							XP_012144913.1				
OG0012572							XP_012144917.1				
OG0012573							XP_012144932.1				
OG0012574							XP_012144942.1				
OG0012575							XP_012145001.1				
OG0012576							XP_012145002.1				
OG0012577							XP_012145006.1				
OG0012578							XP_012145007.1				
OG0012579							XP_012145166.1				
OG0012580							XP_012145249.1				
OG0012581							XP_012145317.1				
OG0012582							XP_012145349.1				
OG0012583							XP_012145350.1				
OG0012584							XP_012145352.1				
OG0012585							XP_012145392.1				
OG0012586							XP_012145424.1				
OG0012587							XP_012145438.1				
OG0012588							XP_012145561.1				
OG0012589							XP_012145578.1				
OG0012590							XP_012145589.1				
OG0012591							XP_012145621.1				
OG0012592							XP_012145703.1				
OG0012593							XP_012145738.1				
OG0012594							XP_012145770.1				
OG0012595							XP_012145817.1				
OG0012596							XP_012145823.1				
OG0012597							XP_012145936.1				
OG0012598							XP_012145989.1				
OG0012599							XP_012146021.1				
OG0012600							XP_012146212.1				
OG0012601							XP_012146230.1				
OG0012602							XP_012146254.1				
OG0012603							XP_012146259.1				
OG0012604							XP_012146358.1				
OG0012605							XP_012146361.1				
OG0012606							XP_012146372.1				
OG0012607							XP_012146434.1				
OG0012608							XP_012146440.1				
OG0012609							XP_012146521.1				
OG0012610							XP_012146531.1				
OG0012611							XP_012146547.1				
OG0012612							XP_012146564.1				
OG0012613							XP_012146565.1				
OG0012614							XP_012146582.1				
OG0012615							XP_012146601.1				
OG0012616							XP_012146715.1				
OG0012617							XP_012146756.1				
OG0012618							XP_012146858.1				
OG0012619							XP_012147001.1				
OG0012620							XP_012147014.1				
OG0012621							XP_012147115.1				
OG0012622							XP_012147116.1				
OG0012623							XP_012147158.1				
OG0012624							XP_012147159.1				
OG0012625							XP_012147175.1				
OG0012626							XP_012147177.1				
OG0012627							XP_012147194.1				
OG0012628							XP_012147235.1				
OG0012629							XP_012147298.1				
OG0012630							XP_012147357.1				
OG0012631							XP_012147358.1				
OG0012632							XP_012147363.1				
OG0012633							XP_012147491.1				
OG0012634							XP_012147561.1				
OG0012635							XP_012147563.1				
OG0012636							XP_012147590.1				
OG0012637							XP_012147596.1				
OG0012638							XP_012147679.1				
OG0012639							XP_012147727.1				
OG0012640							XP_012147793.1				
OG0012641							XP_012147942.1				
OG0012642							XP_012147982.1				
OG0012643							XP_012148110.1				
OG0012644							XP_012148113.1				
OG0012645							XP_012148155.1				
OG0012646							XP_012148176.1				
OG0012647							XP_012148225.1				
OG0012648							XP_012148293.1				
OG0012649							XP_012148388.1				
OG0012650							XP_012148396.1				
OG0012651							XP_012148413.1				
OG0012652							XP_012148415.1				
OG0012653							XP_012148417.1				
OG0012654							XP_012148420.1				
OG0012655							XP_012148427.1				
OG0012656							XP_012148531.1				
OG0012657							XP_012148659.1				
OG0012658							XP_012148663.1				
OG0012659							XP_012148729.1				
OG0012660							XP_012148856.1				
OG0012661							XP_012149098.1				
OG0012662							XP_012149216.1				
OG0012663							XP_012149289.1				
OG0012664							XP_012149411.1				
OG0012665							XP_012149446.1				
OG0012666							XP_012149452.1				
OG0012667							XP_012149467.1				
OG0012668							XP_012149624.1				
OG0012669							XP_012149714.1				
OG0012670							XP_012149736.1				
OG0012671							XP_012149743.1				
OG0012672							XP_012149744.1				
OG0012673							XP_012149861.1				
OG0012674							XP_012149877.1				
OG0012675							XP_012149943.1				
OG0012676							XP_012150128.1				
OG0012677							XP_012150273.1				
OG0012678							XP_012150418.1				
OG0012679							XP_012150424.1				
OG0012680							XP_012150426.1				
OG0012681							XP_012150442.1				
OG0012682							XP_012150526.1				
OG0012683							XP_012150538.1				
OG0012684							XP_012150671.1				
OG0012685							XP_012150833.1				
OG0012686							XP_012150955.1				
OG0012687							XP_012150976.1				
OG0012688							XP_012150983.1				
OG0012689							XP_012151110.1				
OG0012690							XP_012151311.1				
OG0012691							XP_012151413.1				
OG0012692							XP_012151579.1				
OG0012693							XP_012151692.1				
OG0012694							XP_012151727.1				
OG0012695							XP_012151797.1				
OG0012696							XP_012151827.1				
OG0012697							XP_012151856.1				
OG0012698							XP_012151865.1				
OG0012699							XP_012151869.1				
OG0012700							XP_012151914.1				
OG0012701							XP_012151942.1				
OG0012702							XP_012151980.1				
OG0012703							XP_012152020.1				
OG0012704							XP_012152093.1				
OG0012705							XP_012152114.1				
OG0012706							XP_012152119.1				
OG0012707							XP_012152163.1				
OG0012708							XP_012152229.1				
OG0012709							XP_012152440.1				
OG0012710							XP_012152455.1				
OG0012711							XP_012152562.1				
OG0012712							XP_012152610.1				
OG0012713							XP_012152735.1				
OG0012714							XP_012152949.1				
OG0012715							XP_012152953.1				
OG0012716							XP_012152972.1				
OG0012717							XP_012153106.1				
OG0012718							XP_012153199.1				
OG0012719							XP_012153378.1				
OG0012720							XP_012153386.1				
OG0012721							XP_012153497.1				
OG0012722							XP_012153552.1				
OG0012723							XP_012153555.1				
OG0012724							XP_012153582.1				
OG0012725							XP_012153586.1				
OG0012726							XP_012153587.1				
OG0012727							XP_012153619.1				
OG0012728							XP_012153921.1				
OG0012729							XP_012153981.1				
OG0012730							XP_012154078.1				
OG0012731							XP_012154265.1				
OG0012732							XP_012154266.1				
OG0012733							XP_012154276.1				
OG0012734							XP_012154440.1				
OG0012735							XP_012154472.1				
OG0012736							XP_012154481.1				
OG0012737								XP_033321018.1			
OG0012738								XP_033321099.1			
OG0012739								XP_033321197.1			
OG0012740								XP_033321262.1			
OG0012741								XP_033321323.1			
OG0012742								XP_033321521.1			
OG0012743								XP_033321555.1			
OG0012744								XP_033321728.1			
OG0012745								XP_033322039.1			
OG0012746								XP_033322047.1			
OG0012747								XP_033322260.1			
OG0012748								XP_033322342.1			
OG0012749								XP_033322446.1			
OG0012750								XP_033322476.1			
OG0012751								XP_033322714.1			
OG0012752								XP_033322739.1			
OG0012753								XP_033322832.1			
OG0012754								XP_033322955.1			
OG0012755								XP_033323103.1			
OG0012756								XP_033323131.1			
OG0012757								XP_033323373.1			
OG0012758								XP_033323410.1			
OG0012759								XP_033323646.1			
OG0012760								XP_033323847.1			
OG0012761								XP_033323882.1			
OG0012762								XP_033323970.1			
OG0012763								XP_033324285.1			
OG0012764								XP_033324286.1			
OG0012765								XP_033324400.1			
OG0012766								XP_033324401.1			
OG0012767								XP_033324439.1			
OG0012768								XP_033324522.1			
OG0012769								XP_033324641.1			
OG0012770								XP_033325272.1			
OG0012771								XP_033325523.1			
OG0012772								XP_033325627.1			
OG0012773								XP_033325668.1			
OG0012774								XP_033326003.1			
OG0012775								XP_033326226.1			
OG0012776								XP_033326248.1			
OG0012777								XP_033326257.1			
OG0012778								XP_033326282.1			
OG0012779								XP_033326548.1			
OG0012780								XP_033326587.1			
OG0012781								XP_033326691.1			
OG0012782								XP_033326776.1			
OG0012783								XP_033326845.1			
OG0012784								XP_033327230.1			
OG0012785								XP_033327232.1			
OG0012786								XP_033327584.1			
OG0012787								XP_033327717.1			
OG0012788								XP_033327807.1			
OG0012789								XP_033328100.1			
OG0012790								XP_033328389.1			
OG0012791								XP_033328390.1			
OG0012792								XP_033328393.1			
OG0012793								XP_033328394.1			
OG0012794								XP_033328396.1			
OG0012795								XP_033328416.1			
OG0012796								XP_033328433.1			
OG0012797								XP_033328443.1			
OG0012798								XP_033328802.1			
OG0012799								XP_033328805.1			
OG0012800								XP_033328811.1			
OG0012801								XP_033328966.1			
OG0012802								XP_033329189.1			
OG0012803								XP_033329405.1			
OG0012804								XP_033329536.1			
OG0012805								XP_033329538.1			
OG0012806								XP_033329729.1			
OG0012807								XP_033329868.1			
OG0012808								XP_033329869.1			
OG0012809								XP_033329956.1			
OG0012810								XP_033330039.1			
OG0012811								XP_033330046.1			
OG0012812								XP_033330108.1			
OG0012813								XP_033330121.1			
OG0012814								XP_033330165.1			
OG0012815								XP_033330248.1			
OG0012816								XP_033330322.1			
OG0012817								XP_033330343.1			
OG0012818								XP_033330344.1			
OG0012819								XP_033330345.1			
OG0012820								XP_033330370.1			
OG0012821								XP_033330639.1			
OG0012822								XP_033330822.1			
OG0012823								XP_033330898.1			
OG0012824								XP_033330975.1			
OG0012825								XP_033331141.1			
OG0012826								XP_033331303.1			
OG0012827								XP_033331495.1			
OG0012828								XP_033331529.1			
OG0012829								XP_033331864.1			
OG0012830								XP_033331977.1			
OG0012831								XP_033332025.1			
OG0012832								XP_033332068.1			
OG0012833								XP_033332145.1			
OG0012834								XP_033332277.1			
OG0012835								XP_033332460.1			
OG0012836								XP_033332544.1			
OG0012837								XP_033332556.1			
OG0012838								XP_033332600.1			
OG0012839								XP_033332639.1			
OG0012840								XP_033332647.1			
OG0012841								XP_033332897.1			
OG0012842								XP_033332956.1			
OG0012843								XP_033333020.1			
OG0012844								XP_033333316.1			
OG0012845								XP_033333672.1			
OG0012846								XP_033333906.1			
OG0012847								XP_033333909.1			
OG0012848								XP_033333956.1			
OG0012849								XP_033333957.1			
OG0012850								XP_033334102.1			
OG0012851								XP_033334141.1			
OG0012852								XP_033334323.1			
OG0012853								XP_033334389.1			
OG0012854								XP_033334533.1			
OG0012855								XP_033334690.1			
OG0012856								XP_033335051.1			
OG0012857								XP_033335171.1			
OG0012858								XP_033335313.1			
OG0012859								XP_033335348.1			
OG0012860								XP_033335474.1			
OG0012861								XP_033335500.1			
OG0012862								XP_033335501.1			
OG0012863								XP_033335502.1			
OG0012864								XP_033335508.1			
OG0012865								XP_033335698.1			
OG0012866								XP_033335961.1			
OG0012867								XP_033336130.1			
OG0012868								XP_033336132.1			
OG0012869								XP_033336229.1			
OG0012870								XP_033336241.1			
OG0012871								XP_033336255.1			
OG0012872								XP_033336258.1			
OG0012873								XP_033336303.1			
OG0012874								XP_033336324.1			
OG0012875								XP_033336379.1			
OG0012876								XP_033336462.1			
OG0012877								XP_033336884.1			
OG0012878								XP_033337045.1			
OG0012879								XP_033337086.1			
OG0012880								XP_033337088.1			
OG0012881								XP_033337118.1			
OG0012882								XP_033337182.1			
OG0012883								XP_033337184.1			
OG0012884								XP_033337248.1			
OG0012885								XP_033337481.1			
OG0012886								XP_033337538.1			
OG0012887								XP_033338036.1			
OG0012888								XP_033338374.1			
OG0012889								XP_033338717.1			
OG0012890								XP_033339153.1			
OG0012891								XP_033339236.1			
OG0012892								XP_033339285.1			
OG0012893								XP_033339383.1			
OG0012894								XP_033339488.1			
OG0012895								XP_033339735.1			
OG0012896								XP_033339786.1			
OG0012897								XP_033339787.1			
OG0012898								XP_033339790.1			
OG0012899								XP_033339791.1			
OG0012900								XP_033339794.1			
OG0012901								XP_033339797.1			
OG0012902								XP_033339799.1			
OG0012903								XP_033339801.1			
OG0012904								XP_033339807.1			
OG0012905								XP_033339809.1			
OG0012906								XP_033339810.1			
OG0012907								XP_033339812.1			
OG0012908								XP_033339818.1			
OG0012909								XP_033339822.1			
OG0012910								XP_033339827.1			
OG0012911								XP_033339828.1			
OG0012912								XP_033339839.1			
OG0012913								XP_033339840.1			
OG0012914								XP_033339842.1			
OG0012915								XP_033339845.1			
OG0012916								XP_033339848.1			
OG0012917								XP_033339854.1			
OG0012918								XP_033339856.1			
OG0012919								XP_033339862.1			
OG0012920								XP_033339864.1			
OG0012921								XP_033339866.1			
OG0012922								XP_033339874.1			
OG0012923								XP_033339879.1			
OG0012924								XP_033339887.1			
OG0012925								XP_033339894.1			
OG0012926								XP_033339910.1			
OG0012927								XP_033339923.1			
OG0012928								XP_033339931.1			
OG0012929								XP_033339942.1			
OG0012930								XP_033339975.1			
OG0012931								XP_033339985.1			
OG0012932								XP_033340024.1			
OG0012933								XP_033340361.1			
OG0012934								XP_033340519.1			
OG0012935								XP_033340546.1			
OG0012936								XP_033340555.1			
OG0012937								XP_033340568.1			
OG0012938								XP_033340627.1			
OG0012939								XP_033340867.1			
OG0012940								XP_033340883.1			
OG0012941								XP_033340884.1			
OG0012942								XP_033340965.1			
OG0012943								XP_033341066.1			
OG0012944								XP_033341067.1			
OG0012945								XP_033341365.1			
OG0012946								XP_033341492.1			
OG0012947								XP_033341526.1			
OG0012948								XP_033341667.1			
OG0012949								XP_033341713.1			
OG0012950								XP_033342425.1			
OG0012951								XP_033342721.1			
OG0012952								XP_033342747.1			
OG0012953								XP_033342926.1			
OG0012954								XP_033342995.1			
OG0012955								XP_033343089.1			
OG0012956									XP_031825835.1		
OG0012957									XP_031826470.1		
OG0012958									XP_031826530.1		
OG0012959									XP_031826533.1		
OG0012960									XP_031826688.1		
OG0012961									XP_031826784.1		
OG0012962									XP_031827200.1		
OG0012963									XP_031827256.1		
OG0012964									XP_031827651.1		
OG0012965									XP_031827709.1		
OG0012966									XP_031828044.1		
OG0012967									XP_031828062.1		
OG0012968									XP_031828179.1		
OG0012969									XP_031828197.1		
OG0012970									XP_031828582.1		
OG0012971									XP_031828780.1		
OG0012972									XP_031828781.1		
OG0012973									XP_031828957.1		
OG0012974									XP_031829338.1		
OG0012975									XP_031829341.1		
OG0012976									XP_031829418.1		
OG0012977									XP_031829499.1		
OG0012978									XP_031829623.1		
OG0012979									XP_031829655.1		
OG0012980									XP_031830422.1		
OG0012981									XP_031830784.1		
OG0012982									XP_031831022.1		
OG0012983									XP_031831155.1		
OG0012984									XP_031831324.1		
OG0012985									XP_031831329.1		
OG0012986									XP_031831540.1		
OG0012987									XP_031832802.1		
OG0012988									XP_031832847.1		
OG0012989									XP_031832924.1		
OG0012990									XP_031833142.1		
OG0012991									XP_031833377.1		
OG0012992									XP_031833380.1		
OG0012993									XP_031833400.1		
OG0012994									XP_031833849.1		
OG0012995									XP_031834092.1		
OG0012996									XP_031834109.1		
OG0012997									XP_031834232.1		
OG0012998									XP_031834340.1		
OG0012999									XP_031834892.1		
OG0013000									XP_031834904.1		
OG0013001									XP_031835276.1		
OG0013002									XP_031835577.1		
OG0013003									XP_031835648.1		
OG0013004									XP_031835803.1		
OG0013005									XP_031836322.1		
OG0013006									XP_031836637.1		
OG0013007									XP_031836930.1		
OG0013008									XP_031837081.1		
OG0013009									XP_031837248.1		
OG0013010									XP_031837299.1		
OG0013011									XP_031837697.1		
OG0013012									XP_031837992.1		
OG0013013									XP_031838228.1		
OG0013014									XP_031838532.1		
OG0013015									XP_031838662.1		
OG0013016									XP_031838893.1		
OG0013017									XP_031839025.1		
OG0013018									XP_031839093.1		
OG0013019									XP_031839326.1		
OG0013020									XP_031839337.1		
OG0013021									XP_031839363.1		
OG0013022									XP_031839456.1		
OG0013023									XP_031839482.1		
OG0013024									XP_031839550.1		
OG0013025									XP_031839659.1		
OG0013026									XP_031839663.1		
OG0013027									XP_031839678.1		
OG0013028									XP_031839807.1		
OG0013029									XP_031839820.1		
OG0013030									XP_031840211.1		
OG0013031									XP_031840287.1		
OG0013032									XP_031840668.1		
OG0013033									XP_031841007.1		
OG0013034									XP_031841338.1		
OG0013035									XP_031841756.1		
OG0013036									XP_031841970.1		
OG0013037									XP_031842047.1		
OG0013038									XP_031842419.1		
OG0013039									XP_031842433.1		
OG0013040									XP_031842466.1		
OG0013041									XP_031842795.1		
OG0013042									XP_031843763.1		
OG0013043									XP_031844041.1		
OG0013044									XP_031844060.1		
OG0013045									XP_031844061.1		
OG0013046									XP_031844132.1		
OG0013047									XP_031844225.1		
OG0013048									XP_031844246.1		
OG0013049									XP_031844358.1		
OG0013050									XP_031844402.1		
OG0013051									XP_031844735.1		
OG0013052									XP_031844854.1		
OG0013053									XP_031845367.1		
OG0013054									XP_031845490.1		
OG0013055									XP_031845552.1		
OG0013056									XP_031845896.1		
OG0013057									XP_031846062.1		
OG0013058									XP_031846220.1		
OG0013059									XP_031846674.1		
OG0013060									XP_031846797.1		
OG0013061									XP_031846802.1		
OG0013062									XP_031846949.1		
OG0013063									XP_031847197.1		
OG0013064									XP_031847430.1		
OG0013065									XP_031847539.1		
OG0013066									XP_031847557.1		
OG0013067									XP_031847687.1		
OG0013068									XP_031847691.1		
OG0013069									XP_031847720.1		
OG0013070									XP_031847725.1		
OG0013071									XP_031847903.1		
OG0013072									XP_031847904.1		
OG0013073									XP_031848184.1		
OG0013074									XP_031848272.1		
OG0013075									XP_031848279.1		
OG0013076									XP_031848465.1		
OG0013077									XP_031848497.1		
OG0013078									XP_031848498.1		
OG0013079									XP_031848500.1		
OG0013080									XP_031848620.1		
OG0013081									XP_031848643.1		
OG0013082									XP_031848666.1		
OG0013083									XP_031848676.1		
OG0013084									XP_031848679.1		
OG0013085									XP_031848705.1		
OG0013086									XP_031848714.1		
OG0013087									XP_031848732.1		
OG0013088									XP_031848756.1		
OG0013089									XP_031848758.1		
OG0013090									XP_031848761.1		
OG0013091									XP_031848763.1		
OG0013092									XP_031848764.1		
OG0013093									XP_031848766.1		
OG0013094									XP_031848778.1		
OG0013095									XP_031848779.1		
OG0013096									XP_031848780.1		
OG0013097									XP_031848788.1		
OG0013098									XP_031848792.1		
OG0013099									XP_031848795.1		
OG0013100									XP_031848796.1		
OG0013101									XP_031848797.1		
OG0013102									XP_031848806.1		
OG0013103									XP_031848807.1		
OG0013104									XP_031848812.1		
OG0013105									XP_031848813.1		
OG0013106									XP_031848817.1		
OG0013107									XP_031848819.1		
OG0013108									XP_031848830.1		
OG0013109									XP_031848836.1		
OG0013110									XP_031848843.1		
OG0013111									XP_031848844.1		
OG0013112									XP_031848847.1		
OG0013113									XP_031848851.1		
OG0013114									XP_031848855.1		
OG0013115									XP_031848861.1		
OG0013116									XP_031848862.1		
OG0013117									XP_031848869.1		
OG0013118									XP_031848876.1		
OG0013119									XP_031848882.1		
OG0013120									XP_031848886.1		
OG0013121									XP_031848887.1		
OG0013122									XP_031848889.1		
OG0013123									XP_031848894.1		
OG0013124									XP_031848895.1		
OG0013125									XP_031848901.1		
OG0013126									XP_031848902.1		
OG0013127									XP_031848904.1		
OG0013128									XP_031848907.1		
OG0013129									XP_031848913.1		
OG0013130									XP_031848916.1		
OG0013131									XP_031848918.1		
OG0013132									XP_031848921.1		
OG0013133									XP_031848923.1		
OG0013134									XP_031848924.1		
OG0013135									XP_031848927.1		
OG0013136									XP_031848930.1		
OG0013137									XP_031848933.1		
OG0013138									XP_031848936.1		
OG0013139									XP_031848937.1		
OG0013140									XP_031848958.1		
OG0013141									XP_031848961.1		
OG0013142									XP_031848964.1		
OG0013143									XP_031848971.1		
OG0013144									XP_031848976.1		
OG0013145									XP_031848980.1		
OG0013146									XP_031849044.1		
OG0013147									XP_031849054.1		
OG0013148									XP_031849055.1		
OG0013149									XP_031849058.1		
OG0013150									XP_031849061.1		
OG0013151									XP_031849130.1		
OG0013152									XP_031849194.1		
OG0013153									XP_031849386.1		
OG0013154									XP_031849417.1		
OG0013155									XP_031849562.1		
OG0013156									XP_031849666.1		
OG0013157									XP_031849718.1		
OG0013158									XP_031849734.1		
OG0013159									XP_031849759.1		
OG0013160									XP_031849790.1		
OG0013161									XP_031849970.1		
OG0013162									XP_031850155.1		
OG0013163										XP_029032762.1	
OG0013164										XP_029032905.1	
OG0013165										XP_029033010.1	
OG0013166										XP_029033755.1	
OG0013167										XP_029034368.1	
OG0013168										XP_029034485.1	
OG0013169										XP_029034487.1	
OG0013170										XP_029034605.1	
OG0013171										XP_029034630.1	
OG0013172										XP_029035234.1	
OG0013173										XP_029035263.1	
OG0013174										XP_029035350.1	
OG0013175										XP_029035495.1	
OG0013176										XP_029036137.1	
OG0013177										XP_029037008.1	
OG0013178										XP_029037249.1	
OG0013179										XP_029037280.1	
OG0013180										XP_029037438.1	
OG0013181										XP_029037605.1	
OG0013182										XP_029037789.1	
OG0013183										XP_029037802.1	
OG0013184										XP_029037902.1	
OG0013185										XP_029037939.1	
OG0013186										XP_029038216.1	
OG0013187										XP_029038349.1	
OG0013188										XP_029038602.1	
OG0013189										XP_029038616.1	
OG0013190										XP_029038840.1	
OG0013191										XP_029038859.1	
OG0013192										XP_029039378.1	
OG0013193										XP_029039574.1	
OG0013194										XP_029039639.1	
OG0013195										XP_029039722.1	
OG0013196										XP_029040128.1	
OG0013197										XP_029040406.1	
OG0013198										XP_029040452.1	
OG0013199										XP_029040715.1	
OG0013200										XP_029041550.1	
OG0013201										XP_029041561.1	
OG0013202										XP_029041895.1	
OG0013203										XP_029042110.1	
OG0013204										XP_029042122.1	
OG0013205										XP_029042199.1	
OG0013206										XP_029042407.1	
OG0013207										XP_029042531.1	
OG0013208										XP_029042574.1	
OG0013209										XP_029042827.1	
OG0013210										XP_029042840.1	
OG0013211										XP_029042879.1	
OG0013212										XP_029043081.1	
OG0013213										XP_029043758.1	
OG0013214										XP_029043770.1	
OG0013215										XP_029043859.1	
OG0013216										XP_029044025.1	
OG0013217										XP_029044192.1	
OG0013218										XP_029044383.1	
OG0013219										XP_029045044.1	
OG0013220										XP_029045298.1	
OG0013221										XP_029045827.1	
OG0013222										XP_029046221.1	
OG0013223										XP_029046231.1	
OG0013224										XP_029046284.1	
OG0013225										XP_029046290.1	
OG0013226										XP_029046342.1	
OG0013227										XP_029046378.1	
OG0013228										XP_029046867.1	
OG0013229										XP_029046868.1	
OG0013230										XP_029047165.1	
OG0013231										XP_029047355.1	
OG0013232										XP_029047697.1	
OG0013233										XP_029047924.1	
OG0013234										XP_029047989.1	
OG0013235										XP_029048249.1	
OG0013236										XP_029048335.1	
OG0013237										XP_029048998.1	
OG0013238										XP_029049014.1	
OG0013239										XP_029049207.1	
OG0013240										XP_029049245.1	
OG0013241										XP_029049570.1	
OG0013242										XP_029049575.1	
OG0013243										XP_029049957.1	
OG0013244										XP_029049981.1	
OG0013245										XP_029050351.1	
OG0013246										XP_029050426.1	
OG0013247										XP_029050468.1	
OG0013248										XP_029050500.1	
OG0013249										XP_029050783.1	
OG0013250										XP_029051287.1	
OG0013251										XP_029051493.1	
OG0013252										XP_029051882.1	
OG0013253										XP_029051892.1	
OG0013254										XP_029051928.1	
OG0013255										XP_029052145.1	
OG0013256										XP_029052265.1	
OG0013257										XP_029052864.1	
OG0013258										XP_029052969.1	
OG0013259										XP_029052973.1	
OG0013260										XP_029052976.1	
OG0013261										XP_029053031.1	
OG0013262										XP_029053445.1	
OG0013263										XP_029053446.1	
OG0013264										XP_029053546.1	
OG0013265										XP_029053769.1	
OG0013266										XP_029053778.1	
OG0013267										XP_029053781.1	
OG0013268										XP_029053792.1	
OG0013269										XP_029053794.1	
OG0013270										XP_029053836.1	
OG0013271										XP_029053839.1	
OG0013272										XP_029053857.1	
OG0013273										XP_029053886.1	
OG0013274										XP_029053947.1	
OG0013275										XP_029053997.1	
OG0013276										XP_029054027.1	
OG0013277										XP_029054068.1	
OG0013278										XP_029054080.1	
OG0013279										XP_029054194.1	
OG0013280										XP_029054224.1	
OG0013281										XP_029054234.1	
OG0013282										XP_029054279.1	
OG0013283										XP_029054280.1	
OG0013284										XP_029054284.1	
OG0013285										XP_029054285.1	
OG0013286										XP_029054291.1	
OG0013287										XP_029054314.1	
OG0013288										XP_029054321.1	
OG0013289										XP_029054339.1	
OG0013290										XP_029054383.1	
OG0013291										XP_029054395.1	
OG0013292										XP_029054414.1	
OG0013293										XP_029054424.1	
OG0013294										XP_029054465.1	
OG0013295										XP_029054494.1	
OG0013296										XP_029054507.1	
OG0013297										XP_029054536.1	
OG0013298										XP_029054539.1	
OG0013299										XP_029054558.1	
OG0013300										XP_029054560.1	
OG0013301										XP_029054617.1	
OG0013302										XP_029054634.1	
OG0013303										XP_029054638.1	
OG0013304										XP_029054650.1	
OG0013305										XP_029054654.1	
OG0013306										XP_029054665.1	
OG0013307										XP_029054726.1	
OG0013308										XP_029054733.1	
OG0013309										XP_029054766.1	
OG0013310										XP_029054780.1	
OG0013311										XP_029054803.1	
OG0013312										XP_029054893.1	
OG0013313										XP_029054951.1	
OG0013314										XP_029054958.1	
OG0013315										XP_029054967.1	
OG0013316										XP_029054969.1	
OG0013317										XP_029054970.1	
OG0013318										XP_029055066.1	
OG0013319										XP_029055072.1	
OG0013320										XP_029055092.1	
OG0013321										XP_029055097.1	
OG0013322										XP_029055111.1	
OG0013323										XP_029055188.1	
OG0013324										XP_029055189.1	
OG0013325										XP_029055198.1	
OG0013326										XP_029055208.1	
OG0013327										XP_029055224.1	
OG0013328										XP_029055292.1	
OG0013329										XP_029055295.1	
OG0013330										XP_029055309.1	
OG0013331										XP_029055312.1	
OG0013332										XP_029055653.1	
OG0013333										XP_029055785.1	
OG0013334										XP_029055796.1	
OG0013335										XP_029056404.1	
OG0013336											XP_034170819.1
OG0013337											XP_034171018.1
OG0013338											XP_034171634.1
OG0013339											XP_034172626.1
OG0013340											XP_034173052.1
OG0013341											XP_034173508.1
OG0013342											XP_034173521.1
OG0013343											XP_034173638.1
OG0013344											XP_034173895.1
OG0013345											XP_034174280.1
OG0013346											XP_034174359.1
OG0013347											XP_034174710.1
OG0013348											XP_034174759.1
OG0013349											XP_034174998.1
OG0013350											XP_034175208.1
OG0013351											XP_034175855.1
OG0013352											XP_034176017.1
OG0013353											XP_034176076.1
OG0013354											XP_034176286.1
OG0013355											XP_034177357.1
OG0013356											XP_034177373.1
OG0013357											XP_034177520.1
OG0013358											XP_034177686.1
OG0013359											XP_034177764.1
OG0013360											XP_034177943.1
OG0013361											XP_034178007.1
OG0013362											XP_034178185.1
OG0013363											XP_034178248.1
OG0013364											XP_034178321.1
OG0013365											XP_034178433.1
OG0013366											XP_034178567.1
OG0013367											XP_034178588.1
OG0013368											XP_034178728.1
OG0013369											XP_034179091.1
OG0013370											XP_034179376.1
OG0013371											XP_034179403.1
OG0013372											XP_034179487.1
OG0013373											XP_034179488.1
OG0013374											XP_034179513.1
OG0013375											XP_034179535.1
OG0013376											XP_034179625.1
OG0013377											XP_034179933.1
OG0013378											XP_034179934.1
OG0013379											XP_034180209.1
OG0013380											XP_034180233.1
OG0013381											XP_034180333.1
OG0013382											XP_034180492.1
OG0013383											XP_034180550.1
OG0013384											XP_034180659.1
OG0013385											XP_034180687.1
OG0013386											XP_034180690.1
OG0013387											XP_034180876.1
OG0013388											XP_034180880.1
OG0013389											XP_034180907.1
OG0013390											XP_034181178.1
OG0013391											XP_034182317.1
OG0013392											XP_034182396.1
OG0013393											XP_034182483.1
OG0013394											XP_034182486.1
OG0013395											XP_034182692.1
OG0013396											XP_034182840.1
OG0013397											XP_034182865.1
OG0013398											XP_034182869.1
OG0013399											XP_034182936.1
OG0013400											XP_034183016.1
OG0013401											XP_034183053.1
OG0013402											XP_034183237.1
OG0013403											XP_034183315.1
OG0013404											XP_034183459.1
OG0013405											XP_034183832.1
OG0013406											XP_034184040.1
OG0013407											XP_034184134.1
OG0013408											XP_034184867.1
OG0013409											XP_034185223.1
OG0013410											XP_034185279.1
OG0013411											XP_034186163.1
OG0013412											XP_034186167.1
OG0013413											XP_034186306.1
OG0013414											XP_034186572.1
OG0013415											XP_034186895.1
OG0013416											XP_034186896.1
OG0013417											XP_034187171.1
OG0013418											XP_034187594.1
OG0013419											XP_034187623.1
OG0013420											XP_034187728.1
OG0013421											XP_034187882.1
OG0013422											XP_034188364.1
OG0013423											XP_034188554.1
OG0013424											XP_034189049.1
OG0013425											XP_034189062.1
OG0013426											XP_034189249.1
OG0013427											XP_034189354.1
OG0013428											XP_034190464.1
OG0013429											XP_034190501.1
OG0013430											XP_034190556.1
OG0013431											XP_034190690.1
OG0013432											XP_034190692.1
OG0013433											XP_034190847.1
OG0013434											XP_034191334.1
OG0013435											XP_034191634.1
OG0013436											XP_034191649.1
OG0013437											XP_034192139.1
OG0013438											XP_034192173.1
OG0013439											XP_034192187.1
OG0013440											XP_034192194.1
OG0013441											XP_034192236.1
OG0013442											XP_034192324.1
OG0013443											XP_034192327.1
OG0013444											XP_034192338.1
OG0013445											XP_034192339.1
OG0013446											XP_034192601.1
OG0013447											XP_034192602.1
OG0013448											XP_034192606.1
OG0013449											XP_034192607.1
OG0013450											XP_034192940.1
OG0013451											XP_034193440.1
OG0013452											XP_034194553.1
OG0013453											XP_034194573.1
OG0013454											XP_034194600.1
OG0013455											XP_034194631.1
OG0013456											XP_034194639.1
OG0013457											XP_034194641.1
OG0013458											XP_034194650.1
OG0013459											XP_034194775.1
OG0013460											XP_034194787.1
OG0013461											XP_034194814.1
OG0013462											XP_034194825.1
OG0013463											XP_034194876.1
OG0013464											XP_034194908.1
OG0013465											XP_034194910.1
OG0013466											XP_034194936.1
OG0013467											XP_034194938.1
OG0013468											XP_034194950.1
OG0013469											XP_034194988.1
OG0013470											XP_034195008.1
OG0013471											XP_034195017.1
OG0013472											XP_034195029.1
OG0013473											XP_034195123.1
OG0013474											XP_034195191.1
OG0013475											XP_034195214.1
OG0013476											XP_034195229.1
OG0013477											XP_034195588.1
OG0013478											XP_034195634.1
OG0013479											XP_034195997.1
OG0013480											XP_034196027.1
OG0013481											XP_034196219.1
